Corpus1,Corpus2 ,value
C001d4,C00003,0.7477979958111911
C00003,C001d4,0.7477979958111911
C00001,C001d4,0.9138194340954376
C001d4,C00001,0.9138194340954376
C00001,C00003,1.0
C00003,C00001,1.0
